# pi_control,v0.2.0
# log for:, actuator.position
# date:, 2018_07_25_10_58_08
# meta:, 
# comment:,
time (s), position (raw)
0.011291148999589495,4784
0.01193239900021581,4784
0.02234406899970054,4752
0.03254094699968846,4744
0.0433204820001265,4745
0.053459859999748005,4754
0.06493720799971925,4749
0.07531059600023582,4752
0.08643960999961564,4753
0.09674773799997638,4748
0.10829368000031536,4757
0.11868550599956507,4756
0.1299011339997378,4746
0.1402912940002352,4756
0.15110520300004282,4755
0.1621648419995836,4748
0.17430062699986593,4754
0.18462464099957288,4750
0.19539990500015847,4744
0.20563053299974854,4748
0.2176370990000578,4749
0.22808199799965223,4741
0.23889960599990445,4749
0.24911528600023303,4745
0.2607765920001839,4744
0.2714769080002952,4757
0.28271159900032217,4745
0.29308858100012003,4747
0.30439421000028233,4757
0.3153179109995108,4741
0.3265966649996699,4750
0.337111355000161,4754
0.3478927129999647,4749
0.3585208929998771,4751
0.36948907399983,4752
0.38000720200034266,4743
0.39075621600022714,4754
0.4015893440000582,4747
0.4130578379999861,4743
0.4233052370000223,4750
0.43409997999970074,4756
0.444958525000402,4752
0.456691862000298,4760
0.4666569689998141,4753
0.4775598890000765,4745
0.48838843399971665,4754
0.5005788019998363,4746
0.510976044999552,4742
0.5339612090001538,4749
0.5441408990000127,4748
0.5547427259998585,4755
0.5648171040002126,4750
0.5753578880003261,4747
0.5853301830002238,4752
0.5959793009997156,4746
0.6059823249997862,4757
0.6166992030002802,4755
0.6268132169998353,4747
0.6373964490003345,4750
0.6474594210003488,4750
0.6581355709995478,4742
0.668425885999568,4748
0.6790675559996089,4740
0.6891645389996484,4756
0.6999644899997293,4748
0.7100383469996814,4744
0.7205604860000676,4761
0.730862051999793,4747
0.7417709609999292,4751
0.7517683599999145,4755
0.7623256549995858,4746
0.7723761269999159,4759
0.7829426930002228,4746
0.792985821000002,4749
0.8036322309999377,4751
0.8145814529998461,4745
0.8255507269996087,4752
0.8358096889996887,4760
0.8469590149998112,4749
0.8573517790000551,4755
0.86831396999969,4746
0.8790241289998448,4746
0.8900550700000167,4753
0.9004043439999805,4742
0.9117463270004009,4742
0.9221737779998875,4750
0.9333554479999293,4749
0.944421025000338,4743
0.9561546220002128,4752
0.9665268649996506,4745
0.9780649940003059,4748
0.988883435000389,4761
0.9999529690003328,4747
1.0110826079999242,4750
1.0229192790002344,4749
1.0330791260003025,4748
1.044603348000237,4752
1.0556703829997787,4754
1.0664221569995789,4752
1.0774087230001896,4744
1.089526382999793,4748
1.099817375999919,4741
1.1112260769996283,4743
1.1221054560000994,4750
1.1332601989997784,4748
1.1434088480000355,4747
1.1551681740002095,4751
1.1654580730000816,4743
1.1762096909997126,4744
1.1869400069999756,4759
1.1977120419996936,4752
1.2079272529999798,4756
1.2187020479996136,4753
1.2295455940002284,4750
1.2405683050001244,4757
1.2508147669996106,4749
1.2617668539996885,4743
1.2721692530003565,4748
1.283144099999845,4745
1.2940946239996265,4749
1.3054085339999801,4755
1.3160087460000796,4755
1.3276644779998605,4747
1.3385275549999278,4753
1.349329953999586,4753
1.3603205299996262,4753
1.3722868879995076,4750
1.3825924120001218,4758
1.3941515830001663,4751
1.405179606999809,4750
1.4160685169999851,4751
1.4268350299998929,4740
1.4388042009995843,4756
1.4493047770001795,4747
1.4600861870003428,4755
1.4708598879997226,4755
1.4817761940003038,4747
1.4919705199999953,4752
1.5030115649997242,4751
1.5134271930000978,4745
1.524303238000357,4750
1.5346106890001465,4746
1.5458147549998102,4746
1.556351008999627,4759
1.5678730959998575,4751
1.5783874740000101,4743
1.5895285189999413,4748
1.6006018039997798,4748
1.612412432000383,4742
1.6227916019997792,4751
1.6342596790000243,4751
1.6448521820002497,4744
1.6556982789998074,4748
1.6667200020001474,4745
1.6786306819994934,4744
1.6889200610003172,4750
1.7005368350000936,4746
1.7113951199999065,4741
1.7224208520001412,4749
1.7329503869996188,4742
1.7450772140000481,4751
1.7555958630000532,4756
1.7665463350003847,4749
1.7772398799997973,4743
1.7883380080002098,4752
1.7986278549997223,4744
1.8096698899998955,4749
1.8215379670000402,4758
1.8324216680002792,4748
1.843028129999766,4750
1.854268289999709,4755
1.8645614699998987,4744
1.8756943899998078,4754
1.8868187159996523,4754
1.8992929910000385,4746
1.9106473700003335,4745
1.9241414369998893,4750
1.9356462839996311,4757
1.950197850999757,4749
1.9617058229996474,4742
1.9753045779998502,4753
1.9869559879998633,4759
1.998119896999924,4751
2.00842125500003,4746
2.0200418829999762,4755
2.0306881369997427,4740
2.0414475669995227,4752
2.0516904349997276,4751
2.0626734070001476,4741
2.072964764999597,4747
2.084292997000375,4747
2.094830916999854,4750
2.1061272229999304,4748
2.1172054560001925,4745
2.1283655629995337,4744
2.140500514999985,4755
2.151600309999594,4753
2.162064062999889,4740
2.173173911000049,4761
2.1840141740003673,4755
2.1948982399999295,4750
2.2055659520001427,4753
2.217081111999505,4747
2.227508562999901,4741
2.240955442000086,4750
2.251775341999746,4752
2.2628469080000286,4747
2.27338613000029,4752
2.284872956000072,4749
2.295305615999496,4745
2.3062785880001684,4750
2.3174493730002723,4740
2.3294416680000722,4746
2.341516151000178,4751
2.3530558940001356,4752
2.364124544000333,4749
2.375020589000087,4747
2.386043299999983,4748
2.3977418980002767,4747
2.4080201819997455,4745
2.4198077379996903,4750
2.430766126999515,4745
2.4431970160003402,4749
2.4543582699998296,4754
2.4663154609997946,4750
2.476431975000196,4750
2.48789661399951,4756
2.4988318779996916,4741
2.509753547999935,4745
2.520369071999994,4753
2.5324422530002266,4744
2.5430671000003713,4749
2.5539614259996597,4749
2.566265127999941,4745
2.5779342460000407,4743
2.5882804470002156,4751
2.5992465449999145,4749
2.609607225000218,4746
2.6205229050001435,4754
2.6306015019999904,4749
2.6453361419999055,4750
2.6565730729998904,4752
2.6673025560003225,4749
2.677903495999999,4749
2.6893751150000753,4747
2.69985022200035,4748
2.711027725999884,4747
2.7222339789996113,4753
2.7341376289996333,4751
2.7464796120002575,4746
2.7578601360000903,4751
2.7685123270002805,4752
2.779653579999831,4745
2.7910023340000407,4748
2.8023594730002515,4748
2.8129581220000546,4747
2.8249073449997013,4748
2.835529170999507,4754
2.84838792499977,4750
2.8595339699995748,4750
2.870705067000017,4755
2.8812710599995626,4748
2.892870595000204,4741
2.903409661000296,4749
2.9148637790003704,4746
2.926181959999667,4745
2.9373448799997277,4752
2.9488456649996806,4742
2.9604135330000645,4749
2.9712630679996437,4749
2.982704426000055,4743
2.9937585440002294,4748
3.005343494999579,4760
3.0158655819996056,4749
3.0276476689996343,4749
3.0383565780002755,4754
3.0494938219999312,4749
3.060724293999556,4748
3.072708048000095,4752
3.0834629989994937,4749
3.0955885759995,4750
3.1064467559999684,4747
3.1176787909998893,4751
3.1287934299998597,4748
3.140710257000137,4758
3.150927550999768,4749
3.1624548469999354,4743
3.1735127149995606,4748
3.1843498540001747,4749
3.195744857000136,4747
3.2074525689995426,4751
3.2176217389996964,4744
3.2293915869995544,4736
3.2404119029997673,4745
3.251210135000292,4746
3.261817585999779,4739
3.273331340000368,4757
3.2841097809996427,4751
3.295265929999914,4744
3.306460933999915,4751
3.318116509999527,4753
3.3287322429996493,4746
3.3406280799999877,4759
3.3516016769999624,4755
3.3628662119999717,4741
3.374274288000379,4752
3.3862376249999215,4754
3.3967327849995854,4750
3.4085350799996377,4746
3.4196253439995417,4753
3.430678108000393,4749
3.441520663999654,4749
3.4541433759995925,4748
3.4646774940001706,4744
3.4760302579998097,4744
3.487457813999754,4749
3.4985021399998004,4742
3.5089104250000673,4740
3.520553500999995,4747
3.5310649630000626,4744
3.541964132999965,4755
3.5534017930003756,4758
3.564914972999759,4745
3.5752080499996737,4745
3.586214146999737,4753
3.5967693060001693,4749
3.608015871999669,4749
3.6184821779997947,4757
3.6298572329997114,4750
3.6403742160000547,4752
3.6542046889999256,4748
3.6647476090001874,4744
3.6757250600003317,4748
3.6862305849999757,4749
3.6975128280000717,4747
3.7079951750001783,4752
3.7191079909998734,4750
3.72981117099971,4742
3.740693310000097,4748
3.7522196159998202,4745
3.7670471199999156,4748
3.7772354569997333,4741
3.7882978039997397,4749
3.7988215570003376,4746
3.8101076029997785,4748
3.821057397999539,4751
3.8323436509999738,4743
3.842853082000147,4744
3.854777669000214,4755
3.8677540789994964,4751
3.8786336140001367,4741
3.889032887999747,4751
3.9001169539997136,4749
3.910560706999604,4744
3.9218837319995146,4748
3.9325043600001663,4744
3.9435218110002097,4747
3.9546275960001367,4756
3.968499528000393,4750
3.978825207999762,4750
3.989858596999511,4752
4.00034901700019,4747
4.011121102999823,4745
4.022018034000212,4754
4.033311578999928,4753
4.043863197000064,4755
4.055531013000291,4754
4.066155651999907,4746
4.077387686999828,4743
4.088778106999598,4748
4.10046290199989,4748
4.110983583000234,4742
4.1228502530002515,4748
4.133795204999842,4749
4.145010311999613,4745
4.1562985970003865,4753
4.168406152999523,4755
4.178878603999692,4745
4.190658763999636,4751
4.201570747000005,4752
4.212672886000291,4749
4.223976379000305,4749
4.23639612199986,4758
4.24679435500002,4747
4.258449463000034,4755
4.270017330999508,4756
4.280935355000111,4750
4.292135255000176,4752
4.304427758000202,4754
4.315154011999766,4745
4.32703646400023,4750
4.337973394000073,4757
4.34913417899952,4740
4.360389286999634,4742
4.3755296560002535,4751
4.3859340859999065,4755
4.397527475000061,4749
4.40798086399991,4749
4.419085710999752,4748
4.430174725000143,4744
4.441544624999551,4746
4.452054211000359,4753
4.463764475000062,4745
4.474354062000202,4754
4.485746149000079,4752
4.4968196419995365,4744
4.508227510000324,4754
4.5187756909999734,4758
4.530357620999894,4748
4.541850749999867,4748
4.552582784999686,4751
4.5641904969997995,4747
4.580141491000177,4743
4.590700921999996,4748
4.602407540000058,4749
4.613435825000124,4749
4.624861817999772,4755
4.636043540000173,4755
4.6479478149994975,4748
4.658483287000308,4746
4.672979906000364,4752
4.68378074300017,4745
4.695168141999602,4744
4.705741009999656,4754
4.717002159000003,4751
4.727449818999958,4747
4.738795186999596,4750
4.749345815000197,4749
4.760467850000168,4743
4.774360823000279,4748
4.785716086999855,4746
4.795981194999513,4739
4.80715812499966,4749
4.817994690999512,4751
4.828754799000308,4738
4.839493864999895,4750
4.85090428500007,4751
4.861314288000358,4744
4.87294689600003,4744
4.885979036000208,4748
4.8968840910001745,4743
4.907586647000244,4747
4.918759357999988,4754
4.929376758000217,4745
4.941041969999787,4759
4.951547650000066,4750
4.962757600999794,4745
4.974054168000293,4749
4.9878807340001,4748
4.9981537060002665,4743
5.0091602200000125,4752
5.019868452999617,4751
5.031115488000069,4743
5.041613043000325,4743
5.052981953000199,4753
5.063435185000344,4748
5.074790710000343,4748
5.08535357799974,4753
5.096310038999945,4743
5.107622542999707,4742
5.119210931999987,4751
5.129794946000402,4744
5.141788855999948,4746
5.15263594299995,4745
5.164038498000082,4748
5.175609179000276,4749
5.187605172000076,4748
5.198334550999789,4748
5.210179867000079,4752
5.221020234999742,4750
5.232339770000181,4747
5.243666440000197,4754
5.255819152000186,4751
5.266466551999656,4748
5.278184523999698,4752
5.291815100999884,4748
5.302797657000156,4759
5.3135921909997705,4748
5.3259469349995925,4750
5.336501052999665,4756
5.347783139999592,4745
5.35869168499994,4743
5.369684813000276,4757
5.38293184899976,4752
5.394081903999904,4748
5.404532481000388,4750
5.416189827999915,4749
5.426853893999578,4744
5.437732594999943,4748
5.448443692000183,4749
5.460512601999653,4744
5.470879481000338,4748
5.4841252659998645,4747
5.494528915000046,4744
5.505375845999879,4746
5.51592933899974,4749
5.5270150189999185,4754
5.537265021999701,4753
5.548188619999564,4745
5.559820706999744,4744
5.5708049810000375,4747
5.581162796999706,4749
5.594591447000312,4754
5.604975565000132,4759
5.616494683000383,4748
5.627142289999938,4743
5.638199533000261,4746
5.649397350000072,4743
5.661133446999884,4749
5.6718592839997655,4756
5.686291944999539,4748
5.69679142699988,4743
5.707816795000326,4745
5.718384818999766,4745
5.7294863850002,4749
5.7400298259999545,4760
5.75150649599982,4748
5.762420561999534,4740
5.77358134699989,4749
5.7846389549995365,4753
5.798390468999969,4748
5.808745993999764,4752
5.819705423999949,4753
5.830309801999647,4741
5.841338711999924,4746
5.852210746999845,4754
5.863712209000369,4753
5.874190024999734,4751
5.8854542469998705,4753
5.896426541999972,4747
5.907469513999786,4751
5.91853691399956,4756
5.929681239999809,4739
5.940265930999885,4744
5.951635829999759,4749
5.962293333999696,4739
5.974011670999971,4746
5.985100892999981,4748
5.996450480000021,4747
6.0070980869995765,4745
6.0202590809994945,4752
6.031028198999593,4743
6.042143566999584,4755
6.053744924999592,4753
6.065446126999632,4747
6.076207328000237,4747
6.087846237999656,4751
6.098405615999582,4748
6.109714942999744,4744
6.12092333199962,4752
6.132300575000045,4752
6.14434958899983,4741
6.156062717999703,4754
6.1666818359999525,4755
6.177455588999692,4746
6.188595384000109,4752
6.200812940000105,4755
6.2112081519999265,4745
6.222727999000199,4755
6.233515347000321,4748
6.245015610999872,4740
6.256082488999709,4750
6.267635877999965,4752
6.278132235999692,4744
6.28962078099994,4752
6.3028827119997,4747
6.313765945000341,4750
6.324342249999972,4753
6.335788243999559,4751
6.3462624140001935,4741
6.358080541999698,4754
6.368825857999582,4750
6.3799751850001485,4749
6.391315760999532,4753
6.405229463000069,4749
6.415646966999702,4749
6.426808375999826,4752
6.437449525999909,4757
6.448480467000081,4743
6.45975265800007,4746
6.470924796999498,4759
6.481472559999929,4748
6.493019073999676,4755
6.506091057999583,4753
6.51697705100014,4751
6.527436845999546,4743
6.538627787000223,4748
6.549271695999778,4749
6.562031595999542,4747
6.572484880999582,4747
6.5836312909996195,4747
6.598000097000295,4747
6.609080778000134,4749
6.6192919790000815,4755
6.630515679999917,4755
6.640936412999508,4751
6.651685165999879,4753
6.662191939999502,4745
6.67332303799958,4754
6.683724864000396,4746
6.695723148999605,4739
6.709818673999507,4746
6.720740239999941,4748
6.731768212000134,4744
6.743117486999836,4742
6.753662490000352,4751
6.765799628999957,4748
6.776326039000196,4750
6.787573229999907,4754
6.801188858999922,4750
6.81247162299951,4746
6.822874700000284,4746
6.833993088999705,4751
6.8444946540003,4747
6.855804240999532,4753
6.866703046999646,4745
6.878372633999788,4754
6.888927846000115,4748
6.900385973999619,4750
6.913388373999624,4750
6.924360095999873,4750
6.9348424429999795,4750
6.945949113999632,4743
6.956451148000269,4748
6.967894849999539,4754
6.978742770000281,4746
6.989745376999963,4759
7.00102350599991,4756
7.015463353999621,4754
7.02582481599984,4750
7.037101537999661,4754
7.047620499999539,4747
7.058653160000176,4750
7.069999985999857,4750
7.0814297810002245,4747
7.092219107999881,4742
7.106245465999564,4759
7.116883229999985,4751
7.127798233999783,4740
7.138448132999656,4756
7.149529438000172,4747
7.160035118999986,4745
7.171750903999964,4754
7.182572990999688,4751
7.194080024999494,4749
7.207600237999941,4748
7.219042273000014,4754
7.229286286999923,4744
7.2406499359995,4748
7.251145668999925,4748
7.261900931999662,4738
7.272587810999539,4744
7.284031199999845,4750
7.294501620000119,4747
7.309503915999812,4757
7.320083399000396,4758
7.330976266999642,4751
7.341368925999632,4757
7.352656326000215,4755
7.363222527000289,4744
7.374729510000179,4747
7.385259616999974,4757
7.396565089999967,4745
7.4079023329995835,4750
7.422072024999579,4754
7.432463225999527,4754
7.443427500000325,4751
7.454355056000168,4747
7.46539828799996,4746
7.476378551999915,4752
7.487762617999579,4751
7.498380955000357,4749
7.510000438000134,4745
7.523040910999953,4752
7.533885705999637,4754
7.544259303000217,4750
7.555368786000145,4755
7.56583623699953,4752
7.577300979999563,4753
7.588111869000386,4758
7.599264268000297,4750
7.610348958999566,4743
7.625256932999946,4756
7.635493447000044,4753
7.6467136060000485,4745
7.657355485000153,4749
7.668190696000238,4752
7.679039501999796,4741
7.690126223999869,4753
7.700546695999947,4751
7.711921178999546,4751
7.722485401000085,4752
7.73363436299951,4749
7.744688220999706,4741
7.756013015999997,4750
7.766570363000028,4748
7.778611980999813,4742
7.789844068000093,4744
7.800535581999611,4744
7.81170162699982,4748
7.827703871999802,4747
7.838479500000176,4756
7.850343357999918,4752
7.8610750279995045,4739
7.872401906999585,4744
7.883471754000311,4745
7.895328685000095,4740
7.905974729999798,4749
7.920286921999832,4751
7.93101911299982,4745
7.942306095999811,4742
7.952766723999957,4746
7.964093237999805,4745
7.974916731000121,4742
7.986326369999915,4748
7.9970362169997316,4747
8.008176221000213,4747
8.022587319000195,4750
8.034190291999948,4748
8.044448992999605,4744
8.055603787999644,4749
8.0664198329996,4744
8.077203013999679,4744
8.089890360999561,4744
8.101052240000172,4753
8.111461096999847,4747
8.124256152999806,4758
8.134628396000153,4749
8.145710378999865,4748
8.156744027999594,4756
8.16792299000008,4754
8.178347211999608,4743
8.190182841000023,4757
8.200730083999588,4747
8.211980035000124,4737
8.226017488000252,4749
8.237373689000378,4758
8.2480152549997,4748
8.259034476999659,4746
8.269648491000225,4753
8.280658650999612,4752
8.29151615399951,4744
8.302803501999733,4755
8.313250328000322,4746
8.326793821999672,4745
8.337323200000355,4751
8.348283985000307,4754
8.359437529999923,4753
8.371100241999557,4757
8.381539777000398,4748
8.393410978000247,4751
8.404355669000324,4745
8.415531194000323,4746
8.429726823000237,4745
8.441029014000378,4746
8.451602142999945,4750
8.46340120900004,4744
8.474040013999911,4752
8.48538131999976,4749
8.496512468999754,4743
8.507826535999811,4747
8.518472789000043,4752
8.530960604999564,4749
8.541485243999887,4753
8.552990821000094,4756
8.56578452299982,4746
8.577054890999534,4746
8.587490779999825,4758
8.598955157999626,4746
8.609668391000014,4745
8.620599957000195,4746
8.632530116999988,4743
8.643672619999961,4748
8.654465384000105,4748
8.666141689999677,4748
8.676790391000395,4748
8.688071644999582,4756
8.69935446099953,4745
8.711378005999904,4747
8.722087436999573,4754
8.73533655600022,4755
8.745827079999799,4749
8.757077500000378,4742
8.768049014000098,4749
8.779307976000382,4748
8.790222145999905,4745
8.801766472999589,4751
8.81238423600007,4741
8.823532260999855,4745
8.837946849000218,4746
8.849065080999935,4750
8.859480866000013,4742
8.871292953000193,4755
8.882694832000197,4752
8.893442595000124,4748
8.904636192999533,4748
8.91672260300038,4746
8.927046511999833,4745
8.941222141999788,4753
8.952263135000067,4749
8.963370274000226,4742
8.97474694399989,4745
8.986725906000174,4750
8.99703965899971,4748
9.008616330000223,4748
9.01960195799984,4755
9.030522950999512,4752
9.042422225999871,4758
9.054599469000095,4750
9.065086659999906,4743
9.07681103899995,4744
9.087752917000216,4753
9.098608442000113,4745
9.109876882999743,4744
9.122186573999898,4755
9.13250564000009,4753
9.144631008000033,4750
9.156184450000183,4756
9.166823358999864,4753
9.17801752899959,4751
9.190436388000307,4754
9.200827120000213,4749
9.21215743599987,4742
9.22364561700033,4756
9.23495473499952,4748
9.24529119700037,4738
9.257546564999757,4752
9.268189276999692,4749
9.279793186999996,4743
9.290910378000262,4745
9.301935849999609,4750
9.312219290999565,4742
9.324544191000314,4753
9.335185965000164,4750
9.346058936999725,4746
9.35673196100015,4753
9.367725246000191,4746
9.377940248999948,4741
9.389091242000177,4748
9.399570464000135,4749
9.410485675999553,4751
9.421502971000336,4754
9.43281234999995,4750
9.443521102999512,4745
9.455430377999619,4752
9.46617897499982,4747
9.477348509999501,4751
9.488794451000103,4755
9.500555808999707,4749
9.511162374999913,4745
9.522774201000175,4748
9.533748945000298,4747
9.54524347899951,4744
9.556606764000207,4752
9.568413955999858,4751
9.578869427999962,4739
9.593164431999867,4758
9.603925008999795,4750
9.615470325000388,4743
9.626524651000182,4745
9.638278405000165,4752
9.6488710120002,4748
9.66073632899952,4749
9.671377478000068,4755
9.682641335999506,4746
9.69446977699954,4745
9.70582342600028,4750
9.716558013000395,4744
9.72823551700003,4741
9.739212864000365,4750
9.75054557600015,4746
9.761805371000264,4742
9.77430620799987,4753
9.784849128000133,4756
9.796779704999608,4748
9.807673250000335,4747
9.818446952000158,4757
9.82941539300009,4736
9.841519302999586,4750
9.854130505000285,4752
9.865887904000374,4749
9.87655702200027,4750
9.887724577999506,4755
9.898751456000355,4754
9.910528178999812,4749
9.92105208799967,4750
9.932830685999761,4748
9.945910430000367,4751
9.957044963999579,4749
9.96814413500033,4744
9.979878356999507,4748
9.99054304800029,4752
10.002336020999792,4746
10.01366800300002,4748
10.025845402999948,4754
10.03704905199993,4754
10.049212076999538,4749
10.059561819999544,4753
10.071450000999903,4753
10.082456463000199,4743
10.093301205999524,4741
10.104563812999913,4756
10.116934181999568,4748
10.127181476999795,4747
10.138735542999711,4751
10.149901120000322,4746
10.160859716999767,4747
10.171916231000068,4747
10.1844635260004,4751
10.194569258999763,4748
10.206381605999923,4752
10.21747015100027,4752
10.228299999000228,4747
10.23979338800018,4753
10.251586880999639,4747
10.262022093000269,4741
10.27392589899955,4747
10.285178037999685,4749
10.296175229000255,4748
10.30640700299955,4750
10.318718933999662,4753
10.32918378100021,4740
10.340177637999659,4753
10.35147113200037,4746
10.362493009999525,4740
10.372716138000214,4745
10.383919058999709,4744
10.394471718000204,4746
10.405586253000365,4749
10.416159381000398,4750
10.427358343000378,4746
10.437916523999775,4750
10.449029182999766,4744
10.461763145999612,4747
10.47267934699994,4751
10.48407721500007,4749
10.495425656999942,4752
10.505786441000055,4749
10.516674985999998,4746
10.5271988960003,4743
10.538159003000146,4755
10.549184163000064,4755
10.563006407000103,4752
10.57336052499977,4753
10.584433861999969,4749
10.595084593999673,4743
10.606649389999802,4746
10.617539288999978,4745
10.628809449000073,4739
10.639440390000345,4751
10.651134196000385,4742
10.663903210000171,4739
10.67493665100028,4746
10.68575774799956,4750
10.697126449999814,4744
10.707605515999603,4758
10.719023800999821,4752
10.729652449999776,4746
10.740810162000344,4752
10.751782821000234,4752
10.763278293999974,4750
10.774340068000129,4755
10.785579968000093,4744
10.796621950000372,4738
10.807922318000237,4750
10.818793364000157,4746
10.830337897999925,4748
10.840877798000292,4756
10.852512958000261,4750
10.862987491999775,4738
10.874339787000281,4747
10.885840676999578,4749
10.898009274000287,4748
10.908692766999593,4748
10.920331469000303,4755
10.930875326000205,4749
10.942109912999513,4747
10.95318986500024,4742
10.964812680999785,4743
10.975487632000295,4751
10.987140188000012,4751
10.998080555999877,4745
11.00935785099955,4747
11.021201083999586,4753
11.032530618999772,4750
11.043150778999916,4754
11.054811875999803,4752
11.066054691999852,4743
11.076954226999987,4743
11.088335012000243,4750
11.103579755999817,4753
11.114154238999618,4744
11.125801430000138,4746
11.13694622499952,4752
11.147835499999928,4748
11.159167273999628,4746
11.174866446000124,4746
11.185344626000187,4748
11.196952858999794,4751
11.207554216999597,4757
11.218955938999898,4754
11.230292297000233,4743
11.241906674999882,4750
11.25246631400023,4749
11.26631017299951,4752
11.2769701240004,4748
11.287862158999815,4755
11.298478464000254,4742
11.31041950999952,4745
11.32112378399961,4753
11.332306340000287,4749
11.343063583000003,4749
11.354231241999514,4752
11.368468173999645,4745
11.379634375999558,4746
11.39009771200017,4758
11.401628184999936,4748
11.412117979999493,4746
11.423509858000216,4754
11.434646476000125,4757
11.445980489999783,4743
11.45671872299954,4752
11.470690914999977,4748
11.481474616000014,4750
11.49240722400009,4746
11.503181029000189,4748
11.514582804000383,4749
11.52526707800007,4744
11.536603175999517,4757
11.54732406400035,4754
11.55867651599965,4752
11.572500061999563,4751
11.583947617999911,4745
11.59438392300035,4752
11.605355020000388,4751
11.615863148999779,4747
11.626818620999984,4744
11.637644041000385,4754
11.648854877999838,4751
11.659310246000132,4750
11.674227907000386,4754
11.68469770199954,4747
11.695604423999612,4742
11.706337136000002,4758
11.717454014000396,4748
11.727963549000378,4748
11.739359229999536,4752
11.749918556000011,4743
11.761195017999853,4747
11.775463459999628,4755
11.786545025999658,4750
11.796878049999577,4744
11.807891542999641,4750
11.818461130000287,4749
11.829623372999777,4736
11.840450929000326,4751
11.851553692999914,4755
11.862211925000338,4745
11.87591791900013,4759
11.886611724999966,4749
11.897570686000108,4747
11.908279596000284,4753
11.9196052770003,4749
11.930080748999899,4747
11.941653460999987,4753
11.952310599999691,4746
11.963407113999892,4746
11.978061077000348,4751
11.989445663999504,4751
11.999721187999967,4746
12.010755721999885,4744
12.021169683999688,4754
12.03219010399971,4749
12.042855941000198,4747
12.054007820000152,4749
12.06454303099963,4746
12.078534493999541,4753
12.088998143000026,4757
12.09981345899996,4749
12.110186640000393,4748
12.121296903999792,4755
12.13183576099982,4743
12.143428628999573,4754
12.154673007999918,4747
12.165649939000104,4747
12.180791765999857,4748
12.192225468000288,4744
12.20283562700024,4755
12.214926099999502,4751
12.225577561999671,4745
12.236915534000218,4747
12.248093037999752,4744
12.259612988999834,4756
12.270246170000064,4752
12.284285601000192,4742
12.295139666999603,4743
12.306469305999599,4748
12.317418163999719,4747
12.328646812999978,4751
12.339206243999797,4762
12.35082437300025,4745
12.361422500999652,4745
12.372746932000155,4752
12.386933550999856,4748
12.398495845999605,4744
12.409191474999716,4748
12.420579706999888,4751
12.431356117000178,4750
12.442348620999837,4753
12.45331784300015,4750
12.464653887999702,4752
12.475351131000025,4755
12.489364260999537,4750
12.499872233000133,4742
12.511118850999992,4746
12.521844791999683,4756
12.533003909999934,4750
12.543444330000057,4748
12.554947093999544,4751
12.565828243000396,4743
12.577053768000042,4742
12.590306271999907,4749
12.601531119000356,4749
12.612087892999625,4745
12.623124615999586,4752
12.63358368199988,4741
12.644764413999837,4743
12.655654156999844,4755
12.667051243999595,4745
12.677577602000383,4750
12.688887657999658,4753
12.702518911999505,4746
12.713378342000397,4744
12.724488501999986,4742
12.735821006000151,4753
12.746277311000085,4743
12.757864762999816,4755
12.768325547000131,4754
12.779631489000167,4751
12.790693836000173,4748
12.804344205000234,4753
12.814968218999638,4750
12.826179732999663,4754
12.836749580000287,4755
12.847788645999572,4750
12.85860594099995,4754
12.869954068999505,4747
12.880472302000271,4743
12.891886471999896,4753
12.905058872000154,4755
12.916099553000095,4747
12.926565181000115,4746
12.937812215999656,4749
12.94849409499966,4749
12.959373472999687,4746
12.969850976000089,4752
12.980963062999763,4745
12.992069525000261,4753
13.003436299999521,4750
13.014707708999595,4747
13.026250056999743,4752
13.037018914999862,4759
13.048186990999966,4751
13.059511630000088,4755
13.071473820999927,4756
13.082054606000384,4744
13.0936997660001,4753
13.104341905000183,4751
13.115787585999897,4743
13.127024516000347,4749
13.138490821999767,4757
13.149120928999764,4753
13.160703173000002,4751
13.17134442600036,4752
13.182644012999845,4749
13.193680839999615,4749
13.208117823000066,4750
13.21846616000039,4745
13.229866163999759,4745
13.241088980000313,4756
13.25191992100008,4753
13.263271486999656,4747
13.275575814000149,4752
13.2858365459997,4753
13.301564780000263,4751
13.312353741999686,4756
13.323930933000156,4752
13.335032291000061,4753
13.346684846999779,4742
13.357275735999792,4754
13.368865739000285,4751
13.379630950999854,4744
13.391011058999538,4749
13.405177208999703,4746
13.416556379999747,4747
13.427267215999564,4747
13.43834737599991,4750
13.448985609000374,4746
13.460010560000228,4749
13.471038063999913,4749
13.482245879999937,4748
13.492997602000287,4756
13.506671772999653,4750
13.517571516000316,4749
13.528561936000187,4749
13.539359491999676,4753
13.550775953999619,4742
13.561208664999867,4741
13.573271897999803,4756
13.583982213999661,4745
13.595167477999894,4744
13.608320712000022,4751
13.619598788000076,4748
13.630173478999495,4739
13.641661243000271,4747
13.65214796500004,4749
13.663627447999716,4738
13.67476198300028,4751
13.686239122000188,4750
13.696979907000241,4734
13.709574911000345,4751
13.72027277899997,4753
13.731752939000216,4744
13.74308960899998,4749
13.754688414999691,4751
13.765427584999998,4748
13.776978525999766,4753
13.787769935999677,4749
13.799119053999675,4746
13.81117561999963,4756
13.823226456999691,4751
13.833720053999969,4746
13.84577354799967,4747
13.856897249000212,4751
13.867758606999814,4750
13.87902204799957,4753
13.891022312000132,4749
13.901228409000396,4746
13.913058934000219,4740
13.9241926349996,4754
13.935184721999576,4751
13.94615649699972,4745
13.958291969000129,4752
13.968480774999989,4750
13.980069840999931,4749
13.991424114999973,4757
14.002338858000257,4753
14.013599486999738,4745
14.026306157999898,4742
14.036940535999747,4755
14.048427259000164,4745
14.059660126999916,4743
14.070521120000194,4750
14.081623049999507,4740
14.093794147999688,4753
14.105645505999746,4754
14.117393999000342,4750
14.12851842999953,4745
14.13948645399978,4748
14.150496665999526,4747
14.162838180999643,4755
14.173323236000215,4758
14.184904280999945,4746
14.195921472000009,4748
14.206962360999569,4754
14.217630750000353,4746
14.229790129000321,4742
14.240206903000399,4758
14.250995708999653,4745
14.2621136810003,4750
14.273184935000245,4754
14.283382855000127,4746
14.295154159999583,4751
14.305618954999773,4750
14.316223802999957,4746
14.327499015000285,4757
14.33934724699975,4749
14.35009053199974,4751
14.361875431999579,4751
14.372734393999963,4750
14.383982366000055,4746
14.394957993999924,4755
14.407149247999769,4752
14.417945033000251,4749
14.429856963999555,4745
14.440982072000224,4756
14.451863221000167,4753
14.463094318000003,4750
14.475241821999589,4748
14.485579793999932,4748
14.497239068999988,4751
14.508318967999912,4754
14.519713398999556,4749
14.530772568999964,4743
14.543049343999883,4757
14.553394034999656,4751
14.565295235999656,4741
14.576737532000152,4754
14.587451546000011,4746
14.598882330999913,4746
14.611043324000093,4754
14.621269577000021,4755
14.633101507999527,4745
14.644335209999554,4743
14.655390316999728,4755
14.666397091999897,4748
14.678468084999622,4749
14.688856370000394,4759
14.700424497999848,4753
14.711577627000224,4745
14.722713463999753,4750
14.7336988320003,4748
14.746021283999653,4749
14.75631592300033,4753
14.76791977999983,4753
14.779097388000082,4750
14.790217079000286,4752
14.800908019999952,4748
14.813316097000097,4744
14.824950997000087,4756
14.83692167800018,4753
14.848306629000035,4748
14.859075487000155,4757
14.870223250999516,4753
14.88256913999976,4745
14.893077945000186,4746
14.90489779299969,4754
14.916104306999841,4747
14.927490091999971,4757
14.938247283000237,4751
14.950434526000208,4745
14.960913175999849,4750
14.972339168999497,4757
14.983593598999505,4748
14.994605738000246,4748
15.00498032500036,4761
15.017295276999903,4749
15.027966269999524,4751
15.038887679999789,4756
15.04980518299999,4746
15.060808571999587,4749
15.0711636799997,4761
15.082633734999945,4751
15.09310030100005,4750
15.1040568669996,4750
15.114728798000215,4737
15.125319998999657,4748
15.135483752000255,4750

